INSERT [dbo].[DataTable] ([Id], [Name], [SqlId]) VALUES (N'DataItem', N'Data Item', N'DataItem')
INSERT [dbo].[DataTable] ([Id], [Name], [SqlId]) VALUES (N'DataTable', N'Data Table', N'DataTable')
INSERT [dbo].[DataTable] ([Id], [Name], [SqlId]) VALUES (N'Index', N'Index', N'Index')
INSERT [dbo].[DataTable] ([Id], [Name], [SqlId]) VALUES (N'Relation', N'Relation', N'Relation')
INSERT [dbo].[DataItem] ([Id], [DataTableId], [Name], [PythonId]) VALUES (N'DataTableId', N'DataItem', N'DataTable-ID', N'datatable_id')
INSERT [dbo].[DataItem] ([Id], [DataTableId], [Name], [PythonId]) VALUES (N'Id', N'DataItem', N'ID', N'id')
INSERT [dbo].[DataItem] ([Id], [DataTableId], [Name], [PythonId]) VALUES (N'Id', N'DataTable', N'ID', N'id')
INSERT [dbo].[DataItem] ([Id], [DataTableId], [Name], [PythonId]) VALUES (N'Id', N'Index', N'Id', N'id')
INSERT [dbo].[DataItem] ([Id], [DataTableId], [Name], [PythonId]) VALUES (N'IndexId', N'Relation', N'Index-ID', N'index_id')
INSERT [dbo].[DataItem] ([Id], [DataTableId], [Name], [PythonId]) VALUES (N'KeyDataItemId', N'Relation', N'Key-Data-Item-ID', N'key_data_item_id')
INSERT [dbo].[DataItem] ([Id], [DataTableId], [Name], [PythonId]) VALUES (N'KeyDataTableId', N'Relation', N'Key-DataTable-ID', N'key_datatable_id')
INSERT [dbo].[DataItem] ([Id], [DataTableId], [Name], [PythonId]) VALUES (N'Name', N'DataItem', N'Name', N'name')
INSERT [dbo].[DataItem] ([Id], [DataTableId], [Name], [PythonId]) VALUES (N'Name', N'DataTable', N'Name', N'name')
INSERT [dbo].[DataItem] ([Id], [DataTableId], [Name], [PythonId]) VALUES (N'PythonId', N'DataItem', N'Python-ID', N'python_id')
INSERT [dbo].[DataItem] ([Id], [DataTableId], [Name], [PythonId]) VALUES (N'ReferenceDataItemId', N'Relation', N'Reference-Data-Item-ID', N'reference_data_item_id')
INSERT [dbo].[DataItem] ([Id], [DataTableId], [Name], [PythonId]) VALUES (N'ReferenceDataTableId', N'Relation', N'Reference-Datatable-ID', N'reference_datatable_id')
INSERT [dbo].[DataItem] ([Id], [DataTableId], [Name], [PythonId]) VALUES (N'SqlId', N'DataTable', N'Sql-ID', N'sql_id')
INSERT [dbo].[DataItem] ([Id], [DataTableId], [Name], [PythonId]) VALUES (N'Type', N'Index', N'Type', N'type')
INSERT [dbo].[Index] ([Id], [Type]) VALUES (N'FK_DataItem_DataTable_DataTableId', 3)
INSERT [dbo].[Index] ([Id], [Type]) VALUES (N'FK_Relation_DataItem_KeyDataItemId_KeyDataTableId', 3)
INSERT [dbo].[Index] ([Id], [Type]) VALUES (N'FK_Relation_DataItem_ReferenceDataItemId_ReferenceDataTableId', 3)
INSERT [dbo].[Index] ([Id], [Type]) VALUES (N'FK_Relation_Index_IndexId', 3)
INSERT [dbo].[Index] ([Id], [Type]) VALUES (N'PK_DataItem', 2)
INSERT [dbo].[Index] ([Id], [Type]) VALUES (N'PK_DataTable', 2)
INSERT [dbo].[Index] ([Id], [Type]) VALUES (N'PK_Index', 2)
INSERT [dbo].[Index] ([Id], [Type]) VALUES (N'PK_Relation', 2)
